{
  "n_trials": 200,
  "best_value": 0.8138,
  "best_params": {
    "nc0": 1,
    "nc1": 10,
    "nc2": 2,
    "off0": -0.36791421758018356,
    "off1": -0.19238683170127072,
    "off2": -0.009711158716886686,
    "covariance_type": "full",
    "reg_covar": 1.9357896506825668e-06,
    "n_init": 1,
    "max_iter": 200
  }
}